"month"	"treatment"	"seizures"	"time"	"log_bf"
12	"on"	1	16	9.236857099528379
24	"on"	0	28	21.2110240394167
48	"on"	4	52	8.395173409234431
