"month"	"treatment"	"seizures"	"time"	"log_bf"
6	"off"	0	10	3.6447387763760233
12	"on"	1	16	9.238737250382854
24	"on"	0	28	21.21154448115857
28	"off"	0	32	14.616939581007529
48	"on"	4	52	8.395398981642956
