"month"	"treatment"	"seizures"	"time"	"log_bf"
6	"off"	0	10	1.3277622092282968
12	"on"	1	16	6.8374059818357935
24	"on"	0	28	18.712710909717742
28	"off"	0	32	12.175092242349848
48	"on"	4	52	6.062051340181469
