"day"	"time"	"treatment"	"measurement"	"group"	"severity"	"delta_severity"	"log_bf"
1	24	"none"	"three"	"placebo"	0.654485049833887	0.43	-0.435157886514137
2	24	"none"	"three"	"SMS"	0.463333333333333	-0.22	-0.21684423516548623
3	24	"none"	"three"	"placebo"	0.803225806451613	0.62	2.1464264502904014
4	24	"none"	"three"	"SMS"	0.300653594771242	-0.02	4.327851789049548
